[
  {
    "value": "sad",
    "synonyms": [
      "sad"
    ]
  },
  {
    "value": "moody",
    "synonyms": [
      "moody"
    ]
  },
  {
    "value": "broken",
    "synonyms": [
      "broken"
    ]
  },
  {
    "value": "gloomy",
    "synonyms": [
      "gloomy"
    ]
  },
  {
    "value": "depressed",
    "synonyms": [
      "depressed"
    ]
  },
  {
    "value": "alone",
    "synonyms": [
      "alone"
    ]
  },
  {
    "value": "unhappy",
    "synonyms": [
      "unhappy"
    ]
  },
  {
    "value": "debilitated",
    "synonyms": [
      "debilitated"
    ]
  },
  {
    "value": "disheartening",
    "synonyms": [
      "disheartening"
    ]
  },
  {
    "value": "bleak",
    "synonyms": [
      "bleak"
    ]
  },
  {
    "value": "oppressive",
    "synonyms": [
      "oppressive"
    ]
  },
  {
    "value": "daunting",
    "synonyms": [
      "daunting"
    ]
  }
]