[
  {
    "value": "great",
    "synonyms": [
      "great"
    ]
  },
  {
    "value": "happy",
    "synonyms": [
      "happy"
    ]
  },
  {
    "value": "pleased",
    "synonyms": [
      "pleased"
    ]
  },
  {
    "value": "glad",
    "synonyms": [
      "glad"
    ]
  },
  {
    "value": "thankful",
    "synonyms": [
      "thankful"
    ]
  },
  {
    "value": "thrilled",
    "synonyms": [
      "thrilled"
    ]
  },
  {
    "value": "joyful",
    "synonyms": [
      "joyful"
    ]
  },
  {
    "value": "satisfied",
    "synonyms": [
      "satisfied"
    ]
  },
  {
    "value": "delighted",
    "synonyms": [
      "delighted"
    ]
  },
  {
    "value": "enjoyed",
    "synonyms": [
      "enjoyed"
    ]
  },
  {
    "value": "beautiful",
    "synonyms": [
      "beautiful"
    ]
  },
  {
    "value": "super",
    "synonyms": [
      "super"
    ]
  }
]