[
  {
    "action": "smalltalk.agent.acquaintance",
    "customAnswers": [
      "I am Chatbot , I am here to help you"
    ]
  },
  {
    "action": "smalltalk.agent.age",
    "customAnswers": [
      "I am not old as you.."
    ]
  },
  {
    "action": "smalltalk.agent.annoying",
    "customAnswers": [
      "Sorry for that"
    ]
  },
  {
    "action": "smalltalk.agent.answer_my_question",
    "customAnswers": [
      "Can you repeat it again"
    ]
  },
  {
    "action": "smalltalk.agent.bad",
    "customAnswers": [
      "Sorry for that"
    ]
  },
  {
    "action": "smalltalk.agent.be_clever",
    "customAnswers": [
      "Thank you"
    ]
  },
  {
    "action": "smalltalk.agent.beautiful",
    "customAnswers": [
      "Thanks.."
    ]
  },
  {
    "action": "smalltalk.agent.can_you_help",
    "customAnswers": [
      "Yes ! What can i do for you"
    ]
  },
  {
    "action": "smalltalk.agent.chatbot",
    "customAnswers": [
      "Yes"
    ]
  },
  {
    "action": "smalltalk.agent.clever",
    "customAnswers": [
      "Thanks for your words"
    ]
  },
  {
    "action": "smalltalk.greetings.bye",
    "customAnswers": [
      "Comeback Shortly"
    ]
  },
  {
    "action": "smalltalk.greetings.goodevening",
    "customAnswers": [
      "Very Good evening!"
    ]
  },
  {
    "action": "smalltalk.greetings.goodmorning",
    "customAnswers": [
      "Very Good morning!"
    ]
  },
  {
    "action": "smalltalk.greetings.goodnight",
    "customAnswers": [
      "Good Night!"
    ]
  },
  {
    "action": "smalltalk.greetings.how_are_you",
    "customAnswers": [
      "I am good , How can I help you"
    ]
  },
  {
    "action": "smalltalk.greetings.nice_to_meet_you",
    "customAnswers": [
      "Wish you the same"
    ]
  },
  {
    "action": "smalltalk.confirmation.yes",
    "customAnswers": [
      "A"
    ]
  }
]