[
  {
    "id": "9d88a200-c0d0-4a8a-9dc4-72c037a7cbfa",
    "data": [
      {
        "text": "show ",
        "userDefined": false
      },
      {
        "text": "videos",
        "meta": "@Videos",
        "alias": "videos",
        "userDefined": false
      }
    ],
    "isTemplate": false,
    "count": 0,
    "lang": "en",
    "updated": 0
  },
  {
    "id": "c8d070c1-6479-4045-97e9-d924d4dbd5c4",
    "data": [
      {
        "text": "video",
        "meta": "@Videos",
        "alias": "videos",
        "userDefined": false
      }
    ],
    "isTemplate": false,
    "count": 0,
    "lang": "en",
    "updated": 0
  },
  {
    "id": "ed394f6e-55b3-4437-ba7e-9e72162f5ff4",
    "data": [
      {
        "text": "videos",
        "meta": "@Videos",
        "alias": "videos",
        "userDefined": false
      }
    ],
    "isTemplate": false,
    "count": 0,
    "lang": "en",
    "updated": 0
  },
  {
    "id": "b4cd7923-8978-4ac4-9c5b-b964e1dbae4c",
    "data": [
      {
        "text": "Wanna see ",
        "userDefined": false
      },
      {
        "text": "videos",
        "meta": "@Videos",
        "alias": "videos",
        "userDefined": false
      }
    ],
    "isTemplate": false,
    "count": 0,
    "lang": "en",
    "updated": 0
  }
]